Steinunn Porarinsdottir: Wayfinders,https://visitseattle.org/events/steinunn-porarinsdottir-wayfinders/
Hanako O’Leary: Izanami,https://visitseattle.org/events/hanako-oleary-izanami/
Gage Alumni Show,https://visitseattle.org/events/gage-alumni-show/
Genre Box,https://visitseattle.org/events/genre-box/
Bohemia,https://visitseattle.org/events/bohemia/
Alice in Shadowland,https://visitseattle.org/events/alice-in-shadowland/
Lee Ritenour and Dave Grusin,https://visitseattle.org/events/lee-ritenour-and-dave-grusin/
Tacoma Home + Garden Show,https://visitseattle.org/events/tacoma-home-garden-show/
Annie Eastwood with Kimball and the Fugitives,https://visitseattle.org/events/annie-eastwood-with-kimball-and-the-fugitives/
Black and Boujee Panel Discussion,https://visitseattle.org/events/black-and-boujee-panel-discussion/
Celebrate Asia,https://visitseattle.org/events/celebrate-asia/
Django’s Birthday Concert with Ranger and the Re-Arrangers,https://visitseattle.org/events/djangos-birthday-concert-with-ranger-and-the-re-arrangers/
Family Day with Birds Connect Seattle,https://visitseattle.org/events/family-day-with-birds-connect-seattle/
Fossil Finders | Ice Ages,https://visitseattle.org/events/fossil-finders-ice-ages/
Seattle Kraken vs. Columbus Blue Jackets,https://visitseattle.org/events/seattle-kraken-vs-columbus-blue-jackets/
Tacoma Stars vs. San Diego Sockers,https://visitseattle.org/events/tacoma-stars-vs-san-diego-sockers-3/
Adira Sharkey,https://visitseattle.org/events/adira-sharkey/
"Car, The Garden",https://visitseattle.org/events/car-the-garden/
Walla Walla Wine On Tour,https://visitseattle.org/events/walla-walla-wine-on-tour/
Cheryl Wheeler,https://visitseattle.org/events/cheryl-wheeler/
Giantish,https://visitseattle.org/events/giantish/
Seattle Thunderbirds vs. Prince George Cougars,https://visitseattle.org/events/seattle-thunderbirds-vs-prince-george-cougars-2/
A/political Rocks,https://visitseattle.org/events/a-political-rocks/
Sophia Al-Maria,https://visitseattle.org/events/sophia-al-maria/
Jahari Stampley,https://visitseattle.org/events/jahari-stampley/
FRAKTURED: Home of the Broken Beat,https://visitseattle.org/events/fraktured-home-of-the-broken-beat/
G3- 25th Anniversary reunion,https://visitseattle.org/events/g3-25th-anniversary-reunion/
JP Saxe,https://visitseattle.org/events/jp-saxe/
Los Lobos,https://visitseattle.org/events/los-lobos/
The Daimonics,https://visitseattle.org/events/the-daimonics/
BabyTron,https://visitseattle.org/events/babytron/
Battlestar Kalakala,https://visitseattle.org/events/battlestar-kalakala/
Catalyzing Change with Akuyea Karen Vargas,https://visitseattle.org/events/catalyzing-change-with-akuyea-karen-vargas/
Exceptional Failures,https://visitseattle.org/events/exceptional-failures/
Jamila Woods,https://visitseattle.org/events/jamila-woods/
Jazz is Dead: Blue Note 85,https://visitseattle.org/events/jazz-is-dead-blue-note-85/
Michelle Cann,https://visitseattle.org/events/michelle-cann/
Pakt,https://visitseattle.org/events/pakt/
Public Theatre,https://visitseattle.org/events/public-theatre/
American Flats Album Release,https://visitseattle.org/events/american-flats-album-release/
Erik Walters,https://visitseattle.org/events/erik-walters/
Memoir,https://visitseattle.org/events/memoir/
Nora En Pure,https://visitseattle.org/events/nora-en-pure/
Poolside,https://visitseattle.org/events/poolside/
Tacoma Stars vs. Monterrey Flash,https://visitseattle.org/events/tacoma-stars-vs-monterrey-flash/
Jaha Koo: The History of Korean Western Theatre,https://visitseattle.org/events/jaha-koo-the-history-of-korean-western-theatre/
The Winds: Medley of Emotions,https://visitseattle.org/events/the-winds-medley-of-emotions/
All Will Suffer,https://visitseattle.org/events/all-will-suffer/
Banned & Beloved,https://visitseattle.org/events/banned-beloved/
Cold War Kids – 20 Years Tour,https://visitseattle.org/events/cold-war-kids-20-years-tour/
Mau P,https://visitseattle.org/events/mau-p/
Oble,https://visitseattle.org/events/oble/
Randy Rainbow for President,https://visitseattle.org/events/randy-rainbow-for-president/
The Delta Bombers,https://visitseattle.org/events/the-delta-bombers/
The Grave Plot Film Fest part 6,https://visitseattle.org/events/the-grave-plot-film-fest-part-6/
Seattle Chamber Music Winter Festival,https://visitseattle.org/events/seattle-chamber-music-winter-festival/
Beethoven Emperor Concerto,https://visitseattle.org/events/beethoven-emperor-concerto/
Sergio Mendes,https://visitseattle.org/events/sergio-mendes/
Daniel Tiger’s Neighborhood,https://visitseattle.org/events/daniel-tigers-neighborhood/
Family Art Day: La Vaughn Belle,https://visitseattle.org/events/family-art-day-la-vaughn-belle/
Lil Skies,https://visitseattle.org/events/lil-skies/
Secular and Sacred,https://visitseattle.org/events/secular-and-sacred/
Criminal,https://visitseattle.org/events/criminal/
Neck Deep,https://visitseattle.org/events/neck-deep/
Kazu Kibuishi with Donna Barba Higuera,https://visitseattle.org/events/kazu-kibuishi-with-donna-barba-higuera/
Kristin Hannah,https://visitseattle.org/events/kristin-hannah/
Michael J. Gerhardt,https://visitseattle.org/events/michael-j-gerhardt/
Night Lovell,https://visitseattle.org/events/night-lovell/
Soja,https://visitseattle.org/events/soja/
Kenny Barron Trio,https://visitseattle.org/events/kenny-barron-trio/
Dimiter,https://visitseattle.org/events/dimiter/
Tamara Payne: The Life and Legacy of Malcolm X,https://visitseattle.org/events/tamara-payne-the-life-and-legacy-of-malcolm-x/
The Kills,https://visitseattle.org/events/the-kills/
An Evening with Tina Campt: Black Feminist Visual Culture,https://visitseattle.org/events/an-evening-with-tina-campt-black-feminist-visual-culture/
Art and Transformation,https://visitseattle.org/events/art-and-transformation/
Eric Bellinger,https://visitseattle.org/events/eric-bellinger/
Futurebirds and Nude Party,https://visitseattle.org/events/futurebirds-and-nude-party/
Ilana Glazer Live,https://visitseattle.org/events/ilana-glazer-live/
Mister Blank,https://visitseattle.org/events/mister-blank/
The Thorn,https://visitseattle.org/events/the-thorn/
Barry Can’t Swim,https://visitseattle.org/events/barry-cant-swim/
Dark Star Orchestra,https://visitseattle.org/events/dark-star-orchestra/
Gov’t Mule,https://visitseattle.org/events/govt-mule/
Ijeoma Oluo: Be A Revolution,https://visitseattle.org/events/ijeoma-oluo-be-a-revolution/
Mayer Hawthorne,https://visitseattle.org/events/mayer-hawthorne/
Moontricks,https://visitseattle.org/events/moontricks/
OBOE / OBOE,https://visitseattle.org/events/oboe-oboe/
Roots and Wings,https://visitseattle.org/events/roots-and-wings/
Seattle Boat Show,https://visitseattle.org/events/seattle-boat-show/
Randall Goosby Plays Mozart,https://visitseattle.org/events/randall-goosby-plays-mozart/
Art by Design,https://visitseattle.org/events/art-by-design/
The Love Show,https://visitseattle.org/events/the-love-show/
Brazilian Carnaval 2024,https://visitseattle.org/events/brazilian-carnaval-2024/
Chase Rice,https://visitseattle.org/events/chase-rice/
Joe “Mr. D”  Dombrowski,https://visitseattle.org/events/joe-mr-d-dombrowski/
JVNA,https://visitseattle.org/events/jvna/
Linda From Work,https://visitseattle.org/events/linda-from-work/
The Brother Brothers,https://visitseattle.org/events/the-brother-brothers/
The Temptations &  The Four Tops,https://visitseattle.org/events/the-temptations-the-four-tops/
Quixote Nuevo,https://visitseattle.org/events/quixote-nuevo/
Kent Stowell’s Swan Lake,https://visitseattle.org/events/kent-stowells-swan-lake/
Blood Sweat  and Tears,https://visitseattle.org/events/blood-sweat-and-tears/
Love at the Zoo,https://visitseattle.org/events/love-at-the-zoo/
Scott Bradlee’s Postmodern Jukebox,https://visitseattle.org/events/scott-bradlees-postmodern-jukebox/
Tourist and Amtrac,https://visitseattle.org/events/tourist-and-amtrac/
6th Annual Sami Film Festival,https://visitseattle.org/events/6th-annual-sami-film-festival/
Eliades Ochoa,https://visitseattle.org/events/eliades-ochoa/
K. Wayne Yang,https://visitseattle.org/events/k-wayne-yang/
Juanes,https://visitseattle.org/events/juanes/
Black Dogs,https://visitseattle.org/events/black-dogs-2/
Hear Me Talkin’ to You: Womxn and Blues,https://visitseattle.org/events/hear-me-talkin-to-you-womxn-and-blues/
Maddie Zahm,https://visitseattle.org/events/maddie-zahm/
Silversun Pickups,https://visitseattle.org/events/silversun-pickups/
The Brodies,https://visitseattle.org/events/the-brodies/
Cory Wong Winter 2024 Tour,https://visitseattle.org/events/cory-wong-winter-2024-tour/
Left on Tenth,https://visitseattle.org/events/left-on-tenth/
Marlon Wayans,https://visitseattle.org/events/marlon-wayans/
Riley Mulherkar: Album Release Show,https://visitseattle.org/events/riley-mulherkar-album-release-show/
Yeah!,https://visitseattle.org/events/yeah/
Circa:Humans 2.0,https://visitseattle.org/events/circahumans-2-0/
Big Business,https://visitseattle.org/events/big-business/
David Wax Museum,https://visitseattle.org/events/david-wax-museum/
Jon Batiste,https://visitseattle.org/events/jon-batiste/
lespecial,https://visitseattle.org/events/lespecial/
TobyMac Hits Deep 2024,https://visitseattle.org/events/tobymac-hits-deep-2024/
A Case for the Existence of God,https://visitseattle.org/events/a-case-for-the-existence-of-god/
Northwest Flower & Garden Festival,https://visitseattle.org/events/northwest-flower-garden-festival/
The Princess Bride in Concert with the Seattle Symphony,https://visitseattle.org/events/the-princess-bride-in-concert-with-the-seattle-symphony/
Mindi Abair Wine and Jazz Tour 2024,https://visitseattle.org/events/mindi-abair-wine-and-jazz-tour-2024/
Madonna,https://visitseattle.org/events/madonna/
Aqua Fools’ Day,https://visitseattle.org/events/aqua-fools-day/
Dr. Joy Buolamwini,https://visitseattle.org/events/dr-joy-buolamwini/
La Nef: Red Sky at Night,https://visitseattle.org/events/la-nef-red-sky-at-night/
Love Beyond Border,https://visitseattle.org/events/love-beyond-border/
"Meet the Author: Maggie Taft, The Chieftain and the Chair",https://visitseattle.org/events/meet-the-author-maggie-taft-the-chieftain-and-the-chair/
Seattle Kraken vs. Detroit Red Wings,https://visitseattle.org/events/seattle-kraken-vs-detroit-red-wings/
The Thrifted,https://visitseattle.org/events/the-thrifted/
Black and Boujee,https://visitseattle.org/events/black-and-boujee/
From Mozart to Matthews,https://visitseattle.org/events/from-mozart-to-matthews/
Lukas Nelson,https://visitseattle.org/events/lukas-nelson/
Mahogany – smARTfilms: Black Luxury,https://visitseattle.org/events/mahogany-smartfilms-black-luxury/
Robots Who Paint,https://visitseattle.org/events/robots-who-paint/
Trask,https://visitseattle.org/events/trask/
"Wu Han, Philip Setzer & David Finckel",https://visitseattle.org/events/wu-han-philip-setzer-david-finckel/
The Cookers,https://visitseattle.org/events/the-cookers/
Cesar Cuauhtemoc Garcia Hernandez,https://visitseattle.org/events/cesar-cuauhtemoc-garcia-hernandez/
Side-by-Side with Seattle Youth Symphony Orchestra,https://visitseattle.org/events/side-by-side-with-seattle-youth-symphony-orchestra/
Bailen,https://visitseattle.org/events/bailen/
Dr. Charan Ranganath,https://visitseattle.org/events/dr-charan-ranganath/
Mountain Holler,https://visitseattle.org/events/mountain-holler/
Seattle Kraken vs. Vancouver Canucks,https://visitseattle.org/events/seattle-kraken-vs-vancouver-canucks/
Shabaka,https://visitseattle.org/events/shabaka/
Funky Friday with F2D,https://visitseattle.org/events/funky-friday-with-f2d/
BLACKSTAR SYMPHONY: The Music of David Bowie,https://visitseattle.org/events/blackstar-symphony-the-music-of-david-bowie/
Caligula’s Horse,https://visitseattle.org/events/caligulas-horse/
Opera Talk: The Making of X,https://visitseattle.org/events/opera-talk-the-making-of-x/
Tikkadoom and Nick Drummond,https://visitseattle.org/events/tikkadoom-and-nick-drummond/
Wreckno,https://visitseattle.org/events/wreckno/
Kelly Akashi,https://visitseattle.org/events/kelly-akashi/
The Lower Depths,https://visitseattle.org/events/the-lower-depths/
Bassekou Kouyate and Vieux Farka Toure,https://visitseattle.org/events/bassekou-kouyate-and-vieux-farka-toure/
Crystal Skies,https://visitseattle.org/events/crystal-skies/
Dan Brown Wild Symphony,https://visitseattle.org/events/dan-brown-wild-symphony/
Nate Jackson,https://visitseattle.org/events/nate-jackson/
Pink Sweat$,https://visitseattle.org/events/pink-sweat/
Root and Branch,https://visitseattle.org/events/root-and-branch/
Seattle Kraken vs. Minnesota Wild,https://visitseattle.org/events/seattle-kraken-vs-minnesota-wild-2/
Small Island Big Song,https://visitseattle.org/events/small-island-big-song/
Born With Teeth,https://visitseattle.org/events/born-with-teeth/
"Once More, Just For You",https://visitseattle.org/events/once-more-just-for-you/
Wintergrass Music Festival,https://visitseattle.org/events/wintergrass-music-festival/
Klezmer Starts Here: The Music of Abe Schwartz,https://visitseattle.org/events/klezmer-starts-here-the-music-of-abe-schwartz/
Telling the Story,https://visitseattle.org/events/telling-the-story/
Cherry Glazerr,https://visitseattle.org/events/cherry-glazerr/
Dick & Angel Dare to Do It,https://visitseattle.org/events/dick-angel-dare-to-do-it/
Seattle Kraken vs. Boston Bruins,https://visitseattle.org/events/seattle-kraken-vs-boston-bruins/
Hunt for Sleeping Giants | National Geographic Live,https://visitseattle.org/events/hunt-for-sleeping-giants-national-geographic-live/
Big Tooth,https://visitseattle.org/events/big-tooth/
Eric Klinenberg,https://visitseattle.org/events/eric-klinenberg/
Fresh Dressed – smARTfilms: Black Luxury,https://visitseattle.org/events/fresh-dressed-smartfilms-black-luxury/
Joy Harjo,https://visitseattle.org/events/joy-harjo/
Anand Gopal,https://visitseattle.org/events/anand-gopal/
Dianne Reeves,https://visitseattle.org/events/dianne-reeves/
Kassa Overall,https://visitseattle.org/events/kassa-overall/
Playboi Carti,https://visitseattle.org/events/playboi-carti/
Winter Brilliance,https://visitseattle.org/events/winter-brilliance/
Seattle Museum Month,https://visitseattle.org/events/seattle-museum-month/
JNA and Tavia Rhodes,https://visitseattle.org/events/jna-and-tavia-rhodes/
Julian Lage,https://visitseattle.org/events/julian-lage/
MarchFourth,https://visitseattle.org/events/marchfourth/
Seattle Kraken vs. Pittsburgh Penguins,https://visitseattle.org/events/seattle-kraken-vs-pittsburgh-penguins/
The Human Family,https://visitseattle.org/events/the-human-family-2/
Enjambre,https://visitseattle.org/events/enjambre/
Fall Out Boy,https://visitseattle.org/events/fall-out-boy/
Global Rhythms: Justin Adams and Mauro Durante,https://visitseattle.org/events/global-rhythms-justin-adams-and-mauro-durante/
Sloane Crosley with Ben Gibbard,https://visitseattle.org/events/sloane-crosley-with-ben-gibbard/
Tacoma Stars vs. Harrisburg Heat,https://visitseattle.org/events/tacoma-stars-vs-harrisburg-heat/
Tommy Emmanuel,https://visitseattle.org/events/tommy-emmanuel/
Facades,https://visitseattle.org/events/facades/
Conrad Tao’s Playlist,https://visitseattle.org/events/conrad-taos-playlist/
Crypta,https://visitseattle.org/events/crypta/
Seattle Kraken vs. Edmonton Oilers,https://visitseattle.org/events/seattle-kraken-vs-edmonton-oilers/
Seattle Sounders FC vs. Austin FC,https://visitseattle.org/events/seattle-sounders-fc-vs-austin-fc/
Emerald City Comic Con,https://visitseattle.org/events/emerald-city-comic-con/
Briscoe,https://visitseattle.org/events/briscoe/
Tacoma Stars vs. Harrisburg Heat,https://visitseattle.org/events/tacoma-stars-vs-harrisburg-heat-2/
Eve’s Bayou – smARTfilms: Black Luxury,https://visitseattle.org/events/eves-bayou-smartfilms-black-luxury/
Atlus,https://visitseattle.org/events/atlus/
Calidore Quartet & Abeo Quartet,https://visitseattle.org/events/calidore-quartet-abeo-quartet/
Holding / Movement,https://visitseattle.org/events/holding-movement/
Seattle Kraken vs. Winnipeg Jets,https://visitseattle.org/events/seattle-kraken-vs-winnipeg-jets/
X:The Life and Times of Malcolm X,https://visitseattle.org/events/xthe-life-and-times-of-malcolm-x/
Bach St. John Passion,https://visitseattle.org/events/bach-st-john-passion/
Ariel Pink,https://visitseattle.org/events/ariel-pink/
Helene Grimaud,https://visitseattle.org/events/helene-grimaud/
Josiah and the Bonnevilles,https://visitseattle.org/events/josiah-and-the-bonnevilles/
Mahan Esfahan,https://visitseattle.org/events/mahan-esfahan/
Positive Fragmentation,https://visitseattle.org/events/positive-fragmentation/
Antonio M. Gomez: LINEAJES,https://visitseattle.org/events/antonio-m-gomez-lineajes/
Soren Solkaer: Sort Sol,https://visitseattle.org/events/soren-solkaer-sort-sol/
Luchadora!,https://visitseattle.org/events/luchadora/
Wild Cats Revealed | National Geographic Live,https://visitseattle.org/events/wild-cats-revealed-national-geographic-live/
Seattle Kraken vs. Vegas Golden Knights,https://visitseattle.org/events/seattle-kraken-vs-vegas-golden-knights/
Seattle Kraken vs. Washington Capitals,https://visitseattle.org/events/seattle-kraken-vs-washington-capitals/
Autoheart,https://visitseattle.org/events/autoheart/
The Snuts,https://visitseattle.org/events/the-snuts/
Mark Morris Dance Group: The Look of Love,https://visitseattle.org/events/mark-morris-dance-group-the-look-of-love/
Sibelius & Nielsen,https://visitseattle.org/events/sibelius-nielsen/
Tacoma Stars vs. Chihuahua Savage,https://visitseattle.org/events/tacoma-stars-vs-chihuahua-savage/
Seattle Kraken vs. Nashville Predators,https://visitseattle.org/events/seattle-kraken-vs-nashville-predators/
Seattle Sounders FC vs. Colorado Rapids,https://visitseattle.org/events/seattle-sounders-fc-vs-colorado-rapids/
Native Portraiture: Power and Perception,https://visitseattle.org/events/native-portraiture-power-and-perception/
Places to Call Home: Settlements in the West,https://visitseattle.org/events/places-to-call-home-settlements-in-the-west/
Nobody Lives Here,https://visitseattle.org/events/nobody-lives-here/
Rootabaga Country,https://visitseattle.org/events/rootabaga-country/
Seattle Kraken vs. Buffalo Sabres,https://visitseattle.org/events/seattle-kraken-vs-buffalo-sabres/
Tacoma Stars vs. Empire Strykers,https://visitseattle.org/events/tacoma-stars-vs-empire-strykers-2/
Something’s Afoot,https://visitseattle.org/events/somethings-afoot/
One Thousand Pieces,https://visitseattle.org/events/one-thousand-pieces/
Simon Trpceski Plays Tchaikovsky,https://visitseattle.org/events/simon-trpceski-plays-tchaikovsky/
Celebrate Holi! Spring Festival of Colors from South Asia,https://visitseattle.org/events/celebrate-holi-spring-festival-of-colors-from-south-asia/
Seattle Kraken vs. Montreal Canadiens,https://visitseattle.org/events/seattle-kraken-vs-montreal-canadiens/
Seattle Kraken vs. Anaheim Ducks,https://visitseattle.org/events/seattle-kraken-vs-anaheim-ducks/
Seattle Kraken vs. Anaheim Ducks,https://visitseattle.org/events/seattle-kraken-vs-anaheim-ducks-2/
Tim McGraw,https://visitseattle.org/events/tim-mcgraw/
Harold and the Purple Crayon,https://visitseattle.org/events/harold-and-the-purple-crayon/
Monster Jam,https://visitseattle.org/events/monster-jam/
Seattle Kraken vs. Dallas Stars,https://visitseattle.org/events/seattle-kraken-vs-dallas-stars/
Illuminate: Glass Art for Early Learners,https://visitseattle.org/events/illuminate-glass-art-for-early-learners/
Al Young’s 1970 Dodge Challenger Drag Racer,https://visitseattle.org/events/al-youngs-1970-dodge-challenger-drag-racer/
Shine On Seattle,https://visitseattle.org/events/shine-on-seattle/
Sanctuary City,https://visitseattle.org/events/sanctuary-city/
Stew,https://visitseattle.org/events/stew/
Luis Miguel,https://visitseattle.org/events/luis-miguel/
Taylor Raven and Duke Kim in Recital,https://visitseattle.org/events/taylor-raven-and-duke-kim-in-recital/
Jo Koy,https://visitseattle.org/events/jo-koy/
Copland Appalachian Spring,https://visitseattle.org/events/copland-appalachian-spring/
Seattle Sounders FC vs. CF Montreal,https://visitseattle.org/events/seattle-sounders-fc-vs-cf-montreal/
Tom Segura,https://visitseattle.org/events/tom-segura/
La Vaughn Belle: A History of Unruly Returns,https://visitseattle.org/events/la-vaughn-belle-a-history-of-unruly-returns/
Beetlejuice,https://visitseattle.org/events/beetlejuice/
Seattle Kraken vs. Arizona Coyotes,https://visitseattle.org/events/seattle-kraken-vs-arizona-coyotes/
Seattle Kraken vs. San Jose Sharks,https://visitseattle.org/events/seattle-kraken-vs-san-jose-sharks/
The Percussion: Sounds from Home,https://visitseattle.org/events/the-percussion-sounds-from-home/
Honoring 50 Years of Papunya Tula Painting,https://visitseattle.org/events/honoring-50-years-of-papunya-tula-painting/
The Moors,https://visitseattle.org/events/the-moors/
Mahler Symphony No. 3,https://visitseattle.org/events/mahler-symphony-no-3/
Best of the Northwest Spring Show,https://visitseattle.org/events/best-of-the-northwest-spring-show/
An Evening with Jinjoo Cho,https://visitseattle.org/events/an-evening-with-jinjoo-cho/
Dvorak Symphony No. 6,https://visitseattle.org/events/dvorak-symphony-no-6/
Seattle Sounders FC vs. Vancouver Whitecaps FC,https://visitseattle.org/events/seattle-sounders-fc-vs-vancouver-whitecaps-fc-2/
The Seasons’ Canon,https://visitseattle.org/events/the-seasons-canon/
DRUM TAO 30th Anniversary,https://visitseattle.org/events/drum-tao-30th-anniversary/
AJR,https://visitseattle.org/events/ajr/
Disney’s Aladdin,https://visitseattle.org/events/disneys-aladdin/
Antarctic Symphony,https://visitseattle.org/events/antarctic-symphony/
Noah Geller’s Playlist,https://visitseattle.org/events/noah-gellers-playlist/
Broadway Spectacular,https://visitseattle.org/events/broadway-spectacular/
Jessica Jackson Hutchins: Wrecked and Righteous,https://visitseattle.org/events/jessica-jackson-hutchins-wrecked-and-righteous/
The Lion Tells His Tale,https://visitseattle.org/events/the-lion-tells-his-tale/
Seattle Sounders FC vs. LA Galaxy,https://visitseattle.org/events/seattle-sounders-fc-vs-la-galaxy/
Melanie Martinez,https://visitseattle.org/events/melanie-martinez/
"Guma’ Gela:  Part Land, Part Sea, All Ancestry",https://visitseattle.org/events/guma-gela-part-land-part-sea-all-ancestry/
Jaune Quick-to-See Smith: Memory Map,https://visitseattle.org/events/jaune-quick-to-see-smith-memory-map/
Fat Ham,https://visitseattle.org/events/fat-ham/
A Tale of Peter Rabbit,https://visitseattle.org/events/a-tale-of-peter-rabbit/
The Lehman Trilogy,https://visitseattle.org/events/the-lehman-trilogy/
The Untold Story of Sharks | National Geographic Live,https://visitseattle.org/events/the-untold-story-of-sharks-national-geographic-live/
Seattle Storm vs Minnesota Lynx,https://visitseattle.org/events/seattle-storm-vs-minnesota-lynx/
Mother,https://visitseattle.org/events/mother/
Barber Violin Concerto,https://visitseattle.org/events/barber-violin-concerto/
Seattle Sounders FC vs. Vancouver Whitecaps FC,https://visitseattle.org/events/seattle-sounders-fc-vs-vancouver-whitecaps-fc/
Seattle Storm vs. Indiana Fever,https://visitseattle.org/events/seattle-storm-vs-indiana-fever/
The Barber of Seville,https://visitseattle.org/events/the-barber-of-seville/
Seattle Storm vs. Washington Mystics,https://visitseattle.org/events/seattle-storm-vs-washington-mystics-2/
Seattle Sounders FC vs. Real Salt Lake,https://visitseattle.org/events/seattle-sounders-fc-vs-real-salt-lake/
Unriveled,https://visitseattle.org/events/unriveled/
Seattle Storm vs. Phoenix Mercury,https://visitseattle.org/events/seattle-storm-vs-phoenix-mercury-2/
George Balenchine’s Coppelia,https://visitseattle.org/events/george-balenchines-coppelia/
Jan Lisiecki Plays Prokofiev,https://visitseattle.org/events/jan-lisiecki-plays-prokofiev/
Seattle Storm vs. Los Angeles Sparks,https://visitseattle.org/events/seattle-storm-vs-los-angeles-sparks-2/
Beethoven Symphony No. 5,https://visitseattle.org/events/beethoven-symphony-no-5/
Elizabeth Malaska: All Be Your Mirror,https://visitseattle.org/events/elizabeth-malaska-all-be-your-mirror/
Joshua Bell Plays Elements Concerto,https://visitseattle.org/events/joshua-bell-plays-elements-concerto/
Seattle Sounders FC vs. Minnesota United FC,https://visitseattle.org/events/seattle-sounders-fc-vs-minnesota-united-fc/
"Together Again, Again!",https://visitseattle.org/events/together-again-again/
2024 KPMG Women’s PGA Championship,https://visitseattle.org/events/2024-kpmg-womens-pga-championship/
Lip Sync for Our Rights,https://visitseattle.org/events/lip-sync-for-our-rights/
Seattle Storm vs. Connecticut Sun,https://visitseattle.org/events/seattle-storm-vs-connecticut-sun/
Seattle Storm vs. Indiana Fever,https://visitseattle.org/events/seattle-storm-vs-indiana-fever-2/
Company,https://visitseattle.org/events/company/
Seattle Storm vs. Dallas Wings,https://visitseattle.org/events/seattle-storm-vs-dallas-wings/
Sounders FC vs. Chicago Fire FC,https://visitseattle.org/events/sounders-fc-vs-chicago-fire-fc/
2024 University of Washington MFA + MDes Thesis Exhibition,https://visitseattle.org/events/2024-university-of-washington-mfa-mdes-thesis-exhibition/
Spring Awakening,https://visitseattle.org/events/spring-awakening/
Girl From The North Country,https://visitseattle.org/events/girl-from-the-north-country/
Seattle Storm vs Dallas Wings,https://visitseattle.org/events/seattle-storm-vs-dallas-wings-2/
Seattle Storm vs. Chicago Sky,https://visitseattle.org/events/seattle-storm-vs-chicago-sky-2/
"Anida Yoeu Ali: Hybrid Skin, Mythical Presence",https://visitseattle.org/events/anida-yoeu-ali-hybrid-skin-mythical-presence/
Seattle Storm vs.Chicago Sky,https://visitseattle.org/events/seattle-storm-vs-chicago-sky/
Seattle Storm vs. Las Vegas Aces,https://visitseattle.org/events/seattle-storm-vs-las-vegas-aces/
Seattle Storm vs. Minnesota Lynx,https://visitseattle.org/events/seattle-storm-vs-minnesota-lynx-2/
Seattle Storm vs. Atlanta Dream,https://visitseattle.org/events/seattle-storm-vs-atlanta-dream-2/
Seattle Sounders FC vs. Los Angeles FC,https://visitseattle.org/events/seattle-sounders-fc-vs-los-angeles-fc/
